Model,Scenario,Category,F1,MCC,FNR,FPR,F1_drop
Logistic Regression,Clean,Baseline,0.9008766014834795,0.8204577158384159,0.05782792665726375,0.11597374179431072,0.0
Ridge Classifier,Clean,Baseline,0.8195637805684072,0.6677953106128413,0.12552891396332863,0.2013129102844639,0.0
SGD Classifier,Clean,Baseline,0.9013513513513514,0.8213763159178765,0.05923836389280677,0.1137855579868709,0.0
Decision Tree,Clean,Baseline,0.997179125528914,0.9949909417214742,0.0028208744710860366,0.002188183807439825,0.0
Random Forest,Clean,Baseline,0.9964664310954063,0.9937427239091366,0.005641748942172073,0.0010940919037199124,0.0
Extra Trees,Clean,Baseline,0.9978828510938603,0.9962433933602829,0.0028208744710860366,0.0010940919037199124,0.0
AdaBoost,Clean,Baseline,0.9908386187455955,0.9837239062277164,0.00846262341325811,0.007658643326039387,0.0
Gradient Boosting,Clean,Baseline,0.995059985885674,0.9912335387309282,0.005641748942172073,0.0032822757111597373,0.0
XGBoost,Clean,Baseline,0.9978828510938603,0.9962433933602829,0.0028208744710860366,0.0010940919037199124,0.0
LightGBM,Clean,Baseline,0.9964763918252291,0.9937404462944851,0.0028208744710860366,0.0032822757111597373,0.0
CatBoost,Clean,Baseline,0.9978828510938603,0.9962433933602829,0.0028208744710860366,0.0010940919037199124,0.0
KNN,Clean,Baseline,0.995053003533569,0.9912369880623096,0.007052186177715092,0.002188183807439825,0.0
GaussianNB,Clean,Baseline,0.7204030226700252,0.5938670216361518,0.39492242595204513,0.05798687089715536,0.0
SVM,Clean,Baseline,0.9902097902097902,0.9826120404226455,0.0014104372355430183,0.014223194748358862,0.0
MLP,Clean,Baseline,0.9936305732484076,0.9887401107349904,0.009873060648801129,0.002188183807439825,0.0
Logistic Regression,Temp +1C,Single shift,0.8825,0.7908116273186764,0.004231311706629055,0.2024070021881838,0.018376601483479527
Ridge Classifier,Temp +1C,Single shift,0.758990874932904,0.5559979844194199,0.0028208744710860366,0.4890590809628009,0.060572905635503216
SGD Classifier,Temp +1C,Single shift,0.8836045056320401,0.7928019580188013,0.004231311706629055,0.20021881838074398,0.01774684571931129
Decision Tree,Temp +1C,Single shift,0.9667590027700831,0.9406321119900186,0.015514809590973202,0.04048140043763676,0.03042012275883088
Random Forest,Temp +1C,Single shift,0.9613259668508287,0.9308552957945571,0.018335684062059238,0.047045951859956234,0.03514046424457762
Extra Trees,Temp +1C,Single shift,0.9089605734767026,0.8407330567972541,0.10578279266572638,0.05689277899343545,0.08892227761715776
AdaBoost,Temp +1C,Single shift,0.7629688747007183,0.6325099125679274,0.32581100141043723,0.07221006564551423,0.22786974404487725
Gradient Boosting,Temp +1C,Single shift,0.9791666666666666,0.9629253034300971,0.005641748942172073,0.028446389496717725,0.015893319219007385
XGBoost,Temp +1C,Single shift,0.9887798036465638,0.9800381449388101,0.005641748942172073,0.01312910284463895,0.009103047447296508
LightGBM,Temp +1C,Single shift,0.9512855209742895,0.913217598929607,0.00846262341325811,0.07221006564551423,0.045190870850939535
CatBoost,Temp +1C,Single shift,0.9676975945017182,0.9424864789724031,0.007052186177715092,0.045951859956236324,0.030185256592142107
KNN,Temp +1C,Single shift,0.8561917443408789,0.7370397745791805,0.0930888575458392,0.16411378555798686,0.1388612591926901
GaussianNB,Temp +1C,Single shift,0.7580645161290323,0.5845538332566091,0.27080394922425954,0.15098468271334792,-0.037661493459007045
SVM,Temp +1C,Single shift,0.9124183006535947,0.843162641522712,0.015514809590973202,0.13457330415754923,0.07779148955619541
MLP,Temp +1C,Single shift,0.9075520833333334,0.8342606116129814,0.01692524682651622,0.1422319474835886,0.08607848991507427
Logistic Regression,Temp +2C,Single shift,0.7895030709101061,0.6175101659970235,0.0028208744710860366,0.4102844638949672,0.1113735305733734
Ridge Classifier,Temp +2C,Single shift,0.6821032320308731,0.3770050243442926,0.0028208744710860366,0.7188183807439825,0.1374605485375341
SGD Classifier,Temp +2C,Single shift,0.8047808764940239,0.647189571193787,0.0028208744710860366,0.3730853391684901,0.0965704748573275
Decision Tree,Temp +2C,Single shift,0.8843151171043293,0.7956405638327393,0.12129760225669958,0.08424507658643327,0.11286400842458466
Random Forest,Temp +2C,Single shift,0.8825622775800712,0.7930561302490051,0.12552891396332863,0.08315098468271334,0.11390415351533512
Extra Trees,Temp +2C,Single shift,0.7953890489913544,0.6431195600040364,0.22143864598025387,0.1389496717724289,0.2024938021025059
AdaBoost,Temp +2C,Single shift,0.42985611510791366,0.1810067370307455,0.6629055007052186,0.17943107221006566,0.5609825036376819
Gradient Boosting,Temp +2C,Single shift,0.9608785175017158,0.9301549184837014,0.012693935119887164,0.0525164113785558,0.03418146838395819
XGBoost,Temp +2C,Single shift,0.9583617747440273,0.9257567698742108,0.009873060648801129,0.05908096280087528,0.03952107634983304
LightGBM,Temp +2C,Single shift,0.9286657859973579,0.8729204839793117,0.00846262341325811,0.11159737417943107,0.06781060582787113
CatBoost,Temp +2C,Single shift,0.9593383873190903,0.9272839448112582,0.018335684062059238,0.05032822757111598,0.038544463774770055
KNN,Temp +2C,Single shift,0.6376996805111821,0.3111770010481818,0.29619181946403383,0.39059080962800874,0.35735332302238687
GaussianNB,Temp +2C,Single shift,0.534711964549483,0.20367396868412568,0.4894217207334274,0.3096280087527352,0.1856910581205422
SVM,Temp +2C,Single shift,0.7210031347962382,0.4689490200655605,0.18899858956276447,0.3402625820568928,0.26920665541355193
MLP,Temp +2C,Single shift,0.7029339853300733,0.4268153748047585,0.18899858956276447,0.3851203501094092,0.2906965879183343
Logistic Regression,Humidity +5%,Single shift,0.6824096385542169,0.378621761094691,0.0014104372355430183,0.7199124726477024,0.2184669629292626
Ridge Classifier,Humidity +5%,Single shift,0.7062937062937062,0.438773433628431,0.0028208744710860366,0.6411378555798687,0.11327007427470093
SGD Classifier,Humidity +5%,Single shift,0.6824096385542169,0.378621761094691,0.0014104372355430183,0.7199124726477024,0.21894171279713448
Decision Tree,Humidity +5%,Single shift,0.974500344589938,0.9547138990251588,0.0028208744710860366,0.038293216630196934,0.022678780938976018
Random Forest,Humidity +5%,Single shift,0.9881035689293212,0.9788410265231453,0.004231311706629055,0.015317286652078774,0.008362862166085172
Extra Trees,Humidity +5%,Single shift,0.9867411025819958,0.9764347525848802,0.0028208744710860366,0.018599562363238512,0.011141748511864558
AdaBoost,Humidity +5%,Single shift,0.9846153846153847,0.972611778049647,0.007052186177715092,0.018599562363238512,0.006223234130210864
Gradient Boosting,Humidity +5%,Single shift,0.9894884372810091,0.981304881746434,0.004231311706629055,0.01312910284463895,0.005571548604664911
XGBoost,Humidity +5%,Single shift,0.9936753338018272,0.9887578764428039,0.0028208744710860366,0.007658643326039387,0.004207517292033169
LightGBM,Humidity +5%,Single shift,0.9888268156424581,0.9801580149975186,0.0014104372355430183,0.016411378555798686,0.007649576182770956
CatBoost,Humidity +5%,Single shift,0.9915848527349228,0.9850411232870545,0.0028208744710860366,0.010940919037199124,0.006297998358937518
KNN,Humidity +5%,Single shift,0.9160702667534157,0.8505902226812301,0.007052186177715092,0.13566739606126915,0.07898273678015322
GaussianNB,Humidity +5%,Single shift,0.2261904761904762,0.17226089765991323,0.8660084626234132,0.03938730853391685,0.49421254647954904
SVM,Humidity +5%,Single shift,0.8368794326241135,0.7081203690129414,0.0014104372355430183,0.30087527352297594,0.1533303575856767
MLP,Humidity +5%,Single shift,0.8349056603773585,0.704456264591165,0.0014104372355430183,0.3052516411378556,0.15872491287104917
Logistic Regression,Humidity -5%,Single shift,0.236318407960199,0.28310667281990587,0.8660084626234132,0.0,0.6645581935232805
Ridge Classifier,Humidity -5%,Single shift,0.23399014778325122,0.2547972370175441,0.8660084626234132,0.0087527352297593,0.585573632785156
SGD Classifier,Humidity -5%,Single shift,0.236318407960199,0.28310667281990587,0.8660084626234132,0.0,0.6650329433911524
Decision Tree,Humidity -5%,Single shift,0.5083333333333333,0.46158526253583176,0.6558533145275035,0.007658643326039387,0.48884579219558066
Random Forest,Humidity -5%,Single shift,0.6246362754607178,0.5648579790066683,0.5458392101551481,0.0,0.3718301556346886
Extra Trees,Humidity -5%,Single shift,0.8063973063973064,0.7346910084676449,0.3244005641748942,0.0,0.19148554469655388
AdaBoost,Humidity -5%,Single shift,0.5120671563483735,0.4775982869066559,0.6558533145275035,0.0,0.478771462397222
Gradient Boosting,Humidity -5%,Single shift,0.7225225225225225,0.6504090321656036,0.43441466854724964,0.0,0.27253746336315154
XGBoost,Humidity -5%,Single shift,0.7097361237488626,0.6385585811994149,0.44992947813822287,0.0,0.2881467273449977
LightGBM,Humidity -5%,Single shift,0.4607104413347686,0.42783264319316006,0.6981664315937941,0.006564551422319475,0.5357659504904605
CatBoost,Humidity -5%,Single shift,0.5305699481865285,0.49134405495279226,0.6389280677009873,0.0,0.46731290290733185
KNN,Humidity -5%,Single shift,0.4350580781414995,0.3582945988773961,0.7094499294781382,0.0350109409190372,0.5599949253920695
GaussianNB,Humidity -5%,Single shift,0.236318407960199,0.28310667281990587,0.8660084626234132,0.0,0.4840846147098262
SVM,Humidity -5%,Single shift,0.44153005464480877,0.4179843455999848,0.7150916784203103,0.00437636761487965,0.5486797355649814
MLP,Humidity -5%,Single shift,0.5791583166332666,0.5284707890010534,0.5923836389280677,0.0,0.4144722566151411
Logistic Regression,CO2 +20ppm,Single shift,0.9016172506738545,0.8218120815545521,0.056417489421720736,0.11597374179431072,-0.0007406491903749757
Ridge Classifier,CO2 +20ppm,Single shift,0.8152531229454306,0.6590842807358476,0.12552891396332863,0.2100656455142232,0.004310657622976555
SGD Classifier,CO2 +20ppm,Single shift,0.900742741390952,0.8202396873376863,0.05923836389280677,0.11487964989059081,0.0006086099603993533
Decision Tree,CO2 +20ppm,Single shift,0.9893238434163701,0.9813079057202649,0.019746121297602257,0.0010940919037199124,0.007855282112543827
Random Forest,CO2 +20ppm,Single shift,0.9893238434163701,0.9813079057202649,0.019746121297602257,0.0010940919037199124,0.007142587679036194
Extra Trees,CO2 +20ppm,Single shift,0.99361249112846,0.9887765311204042,0.012693935119887164,0.0,0.004270359965400372
AdaBoost,CO2 +20ppm,Single shift,0.9901129943502824,0.9824658314928291,0.011283497884344146,0.006564551422319475,0.0007256243953130959
Gradient Boosting,CO2 +20ppm,Single shift,0.9929278642149929,0.987481830383235,0.009873060648801129,0.0032822757111597373,0.0021321216706811086
XGBoost,CO2 +20ppm,Single shift,0.9936215450035436,0.9887551994266497,0.011283497884344146,0.0010940919037199124,0.004261306090316719
LightGBM,CO2 +20ppm,Single shift,0.9921930447125621,0.98626827180498,0.014104372355430184,0.0010940919037199124,0.00428334711266698
CatBoost,CO2 +20ppm,Single shift,0.9871611982881597,0.9775992935221774,0.023977433004231313,0.0010940919037199124,0.010721652805700588
KNN,CO2 +20ppm,Single shift,0.976678445229682,0.9586624220535583,0.02538787023977433,0.016411378555798686,0.018374558303887012
GaussianNB,CO2 +20ppm,Single shift,0.7321131447587355,0.6067887459909544,0.37940761636107195,0.05798687089715536,-0.01171012208871025
SVM,CO2 +20ppm,Single shift,0.9873595505617978,0.9775081496699689,0.00846262341325811,0.01312910284463895,0.0028502396479923586
MLP,CO2 +20ppm,Single shift,0.984375,0.9724830297133811,0.022566995768688293,0.006564551422319475,0.009255573248407645
Logistic Regression,CO2 -20ppm,Single shift,0.9008766014834795,0.8204577158384159,0.05782792665726375,0.11597374179431072,0.0
Ridge Classifier,CO2 -20ppm,Single shift,0.8201058201058201,0.6688888127461451,0.12552891396332863,0.20021881838074398,-0.0005420395374129416
SGD Classifier,CO2 -20ppm,Single shift,0.8991198375084631,0.8173304451086287,0.06346967559943582,0.1137855579868709,0.002231513842888222
Decision Tree,CO2 -20ppm,Single shift,0.9971830985915493,0.994995644481762,0.0014104372355430183,0.0032822757111597373,-3.973062635331814e-06
Random Forest,CO2 -20ppm,Single shift,0.995768688293371,0.9924864125822112,0.004231311706629055,0.0032822757111597373,0.0006977428020353837
Extra Trees,CO2 -20ppm,Single shift,0.998589562764457,0.9974954708607371,0.0014104372355430183,0.0010940919037199124,-0.0007067116705966603
AdaBoost,CO2 -20ppm,Single shift,0.9707112970711297,0.9477269502847763,0.018335684062059238,0.03172866520787746,0.020127321674465848
Gradient Boosting,CO2 -20ppm,Single shift,0.9818688981868898,0.96771659704646,0.007052186177715092,0.022975929978118162,0.013191087698784187
XGBoost,CO2 -20ppm,Single shift,0.989517819706499,0.9813840953010049,0.0014104372355430183,0.015317286652078774,0.008365031387361332
LightGBM,CO2 -20ppm,Single shift,0.9826268241834607,0.9691299788596566,0.0028208744710860366,0.02516411378555799,0.013849567641768368
CatBoost,CO2 -20ppm,Single shift,0.9943820224719101,0.9900192746799397,0.0014104372355430183,0.007658643326039387,0.003500828621950225
KNN,CO2 -20ppm,Single shift,0.9830747531734838,0.9699456503288448,0.01692524682651622,0.01312910284463895,0.011978250360085152
GaussianNB,CO2 -20ppm,Single shift,0.7045840407470289,0.5758367827458759,0.4146685472496474,0.05908096280087528,0.015818981922996356
SVM,CO2 -20ppm,Single shift,0.9902097902097902,0.9826120404226455,0.0014104372355430183,0.014223194748358862,0.0
MLP,CO2 -20ppm,Single shift,0.9929478138222849,0.9874773543036853,0.007052186177715092,0.005470459518599562,0.0006827594261227254
Logistic Regression,Light +20Lux,Single shift,0.7087719298245614,0.44473773325850974,0.0028208744710860366,0.6334792122538293,0.1921046716589181
Ridge Classifier,Light +20Lux,Single shift,0.7953816549069916,0.6185381522866751,0.12552891396332863,0.25164113785557984,0.024182125661415532
SGD Classifier,Light +20Lux,Single shift,0.7013888888888888,0.4267932917506818,0.0028208744710860366,0.6564551422319475,0.19996246246246252
Decision Tree,Light +20Lux,Single shift,0.8681626928471248,0.764910075964301,0.12693935119887165,0.10722100656455143,0.1290164326817892
Random Forest,Light +20Lux,Single shift,0.7683755404570722,0.561845062231615,0.1227080394922426,0.3150984682713348,0.2280908906383341
Extra Trees,Light +20Lux,Single shift,0.8120497707924034,0.6525931151256569,0.12552891396332863,0.21663019693654267,0.18583308030145695
AdaBoost,Light +20Lux,Single shift,0.8759571209800919,0.8016885666903191,0.19322990126939352,0.02735229759299781,0.1148814977655036
Gradient Boosting,Light +20Lux,Single shift,0.7386722866174921,0.5096599979566986,0.011283497884344146,0.5339168490153173,0.25638769926818195
XGBoost,Light +20Lux,Single shift,0.7945823927765236,0.6261941400581158,0.007052186177715092,0.3927789934354486,0.20330045831733667
LightGBM,Light +20Lux,Single shift,0.8182476466328747,0.684575161766422,0.20310296191819463,0.11706783369803063,0.17822874519235432
CatBoost,Light +20Lux,Single shift,0.7892074198988196,0.6148235000517641,0.009873060648801129,0.4026258205689278,0.20867543119504073
KNN,Light +20Lux,Single shift,0.9502018842530283,0.9115592714522862,0.004231311706629055,0.07768052516411379,0.04485111928054064
GaussianNB,Light +20Lux,Single shift,0.7112676056338029,0.450687130692011,0.0028208744710860366,0.6258205689277899,0.009135417036222337
SVM,Light +20Lux,Single shift,0.7935086737548964,0.6262372407366311,0.0,0.4037199124726477,0.19670111645489374
MLP,Light +20Lux,Single shift,0.6978807294233612,0.4187847447640095,0.0014104372355430183,0.6695842450765864,0.29574984382504643
Logistic Regression,Light -20Lux,Single shift,0.236318407960199,0.28310667281990587,0.8660084626234132,0.0,0.6645581935232805
Ridge Classifier,Light -20Lux,Single shift,0.7148175725986597,0.5169651174798834,0.3229901269393512,0.16849015317286653,0.10474620796974743
SGD Classifier,Light -20Lux,Single shift,0.236318407960199,0.28310667281990587,0.8660084626234132,0.0,0.6650329433911524
Decision Tree,Light -20Lux,Single shift,0.4605263157894737,0.27021180787538546,0.6544428772919605,0.12035010940919037,0.5366528097394403
Random Forest,Light -20Lux,Single shift,0.6153846153846154,0.5044660530629318,0.5317348377997179,0.04157549234135667,0.3810818157107909
Extra Trees,Light -20Lux,Single shift,0.6193548387096774,0.5056874356498052,0.5260930888575458,0.0437636761487965,0.3785280123841829
AdaBoost,Light -20Lux,Single shift,0.45652173913043476,0.4352146486568244,0.7038081805359662,0.0010940919037199124,0.5343168796151607
Gradient Boosting,Light -20Lux,Single shift,0.494949494949495,0.40135545329582545,0.6544428772919605,0.03938730853391685,0.5001104909361791
XGBoost,Light -20Lux,Single shift,0.5343811394891945,0.4335236787484652,0.616361071932299,0.04048140043763676,0.4635017116046658
LightGBM,Light -20Lux,Single shift,0.4605263157894737,0.27021180787538546,0.6544428772919605,0.12035010940919037,0.5359500760357554
CatBoost,Light -20Lux,Single shift,0.6159554730983302,0.5062424500156806,0.5317348377997179,0.04048140043763676,0.3819273779955301
KNN,Light -20Lux,Single shift,0.8873239436619719,0.8290231490141304,0.2002820874471086,0.002188183807439825,0.10772905987159709
GaussianNB,Light -20Lux,Single shift,0.7541333333333333,0.5458660592596146,0.0028208744710860366,0.5021881838074398,-0.033730310663308116
SVM,Light -20Lux,Single shift,0.6482364156339371,0.5844886882975054,0.5204513399153737,0.0,0.3419733745758531
MLP,Light -20Lux,Single shift,0.3904653802497162,0.3909133457918234,0.7574047954866009,0.0,0.6031651929986914
Logistic Regression,Gaussian noise x0.5,Noise level,0.7312851807053055,0.5292029732793548,0.28039492242595204,0.1927789934354486,0.16959142077817402
Ridge Classifier,Gaussian noise x0.5,Noise level,0.730600008664555,0.517172408998406,0.26008462623413264,0.22144420131291032,0.08896377190385218
SGD Classifier,Gaussian noise x0.5,Noise level,0.7324633101794603,0.5343829774040822,0.2849083215796897,0.18424507658643327,0.16888804117189105
Decision Tree,Gaussian noise x0.5,Noise level,0.7048416060315229,0.5700322475620971,0.4090267983074753,0.06652078774617068,0.29233751949739106
Random Forest,Gaussian noise x0.5,Noise level,0.7598319266575433,0.6467160094569093,0.35035260930888573,0.046608315098468266,0.23663450443786305
Extra Trees,Gaussian noise x0.5,Noise level,0.8401522567404911,0.7469077652543118,0.23610719322990126,0.04223194748358862,0.15773059435336922
AdaBoost,Gaussian noise x0.5,Noise level,0.6657047636359911,0.5370101289265827,0.4640338504936531,0.05733041575492341,0.32513385510960446
Gradient Boosting,Gaussian noise x0.5,Noise level,0.7610586310678578,0.6150926992286865,0.30832157968970375,0.09759299781181618,0.23400135481781625
XGBoost,Gaussian noise x0.5,Noise level,0.7158833919604748,0.5980093512382769,0.40818053596614956,0.04748358862144421,0.28199945913338553
LightGBM,Gaussian noise x0.5,Noise level,0.7046419260627157,0.5663681928283993,0.40620592383638937,0.07089715536105032,0.2918344657625134
CatBoost,Gaussian noise x0.5,Noise level,0.7860462442822242,0.6734772381274506,0.308885754583921,0.052078774617067836,0.21183660681163607
KNN,Gaussian noise x0.5,Noise level,0.8998329026827442,0.8294177125988457,0.13455571227080396,0.04507658643326039,0.09522010085082477
GaussianNB,Gaussian noise x0.5,Noise level,0.531911471243361,0.3898496304742455,0.6031029619181946,0.07396061269146609,0.18849155142666418
SVM,Gaussian noise x0.5,Noise level,0.8903970141016924,0.8123149008456745,0.14047954866008464,0.05514223194748359,0.0998127761080978
MLP,Gaussian noise x0.5,Noise level,0.8684170644780845,0.7764902858565417,0.16868829337094499,0.06455142231947483,0.1252135087703231
Logistic Regression,Gaussian noise x1,Noise level,0.6527783911957238,0.38470357199207345,0.3486600846262341,0.2669584245076586,0.2480982102877557
Ridge Classifier,Gaussian noise x1,Noise level,0.6667563327045052,0.40295572697751236,0.3249647390691114,0.2711159737417943,0.152807447863902
SGD Classifier,Gaussian noise x1,Noise level,0.6513974532769853,0.38376842620952967,0.35204513399153736,0.2647702407002188,0.24995389807436608
Decision Tree,Gaussian noise x1,Noise level,0.5816868976124967,0.4251414950676346,0.544428772919605,0.08577680525164114,0.41549222791641727
Random Forest,Gaussian noise x1,Noise level,0.6427546978043062,0.47311722328546313,0.46346967559943586,0.10284463894967177,0.35371173329110017
Extra Trees,Gaussian noise x1,Noise level,0.708517120399537,0.555393977841819,0.38645980253878703,0.09146608315098467,0.28936573069432336
AdaBoost,Gaussian noise x1,Noise level,0.5150466513982446,0.39134343458039644,0.6262341325811002,0.059956236323851206,0.47579196734735096
Gradient Boosting,Gaussian noise x1,Noise level,0.6495164316103115,0.4353595976864934,0.4163610719322991,0.16564551422319473,0.34554355427536254
XGBoost,Gaussian noise x1,Noise level,0.6433898330254567,0.46324419596397304,0.4547249647390691,0.11597374179431072,0.3544930180684036
LightGBM,Gaussian noise x1,Noise level,0.5873170249556985,0.41157265071206695,0.5272214386459803,0.1061269146608315,0.4091593668695306
CatBoost,Gaussian noise x1,Noise level,0.6524426705443457,0.4666337881506218,0.4377997179125529,0.124945295404814,0.34544018054951464
KNN,Gaussian noise x1,Noise level,0.7678967169871997,0.6186569006783926,0.29026798307475316,0.1074398249452954,0.2271562865463692
GaussianNB,Gaussian noise x1,Noise level,0.487655331809711,0.3021916721114657,0.6296191819464034,0.11531728665207877,0.23274769086031422
SVM,Gaussian noise x1,Noise level,0.7523065826079173,0.5858775440099964,0.2947813822284908,0.1315098468271335,0.2379032076018729
MLP,Gaussian noise x1,Noise level,0.7373045729459365,0.5527920711159531,0.29732016925246824,0.1577680525164114,0.2563260003024711
Logistic Regression,Gaussian noise x2,Noise level,0.599105409490108,0.25846524529671844,0.36671368124118475,0.3728665207877462,0.30177119199337143
Ridge Classifier,Gaussian noise x2,Noise level,0.5972933959409295,0.2749093840546567,0.3915373765867419,0.33260393873085337,0.22227038462747772
SGD Classifier,Gaussian noise x2,Noise level,0.5968926310671827,0.2549855401830536,0.3698166431593794,0.37330415754923413,0.30445872028416865
Decision Tree,Gaussian noise x2,Noise level,0.47816828896657526,0.2994363113144135,0.6414668547249647,0.10919037199124726,0.5190108365623387
Random Forest,Gaussian noise x2,Noise level,0.5417062538710103,0.3189720977073566,0.5531734837799718,0.15689277899343546,0.454760177224396
Extra Trees,Gaussian noise x2,Noise level,0.5857405163136911,0.37887244441993795,0.5097320169252468,0.14223194748358864,0.41214233478016926
AdaBoost,Gaussian noise x2,Noise level,0.37876923863471396,0.2526007541229476,0.7444287729196051,0.07242888402625822,0.6120693801108816
Gradient Boosting,Gaussian noise x2,Noise level,0.5624916765900869,0.28736778141965597,0.49196050775740485,0.23129102844638952,0.4325683092955871
XGBoost,Gaussian noise x2,Noise level,0.5608549839124072,0.31396061708672357,0.514527503526093,0.19037199124726478,0.43702786718145314
LightGBM,Gaussian noise x2,Noise level,0.49376192227372384,0.2739324143095141,0.6084626234132582,0.15054704595185997,0.5027144695515052
CatBoost,Gaussian noise x2,Noise level,0.5463261962023477,0.2858444792512795,0.5241184767277856,0.2061269146608315,0.45155665489151264
KNN,Gaussian noise x2,Noise level,0.5671954555095369,0.34540067720315104,0.5229901269393512,0.1586433260393873,0.4278575480240321
GaussianNB,Gaussian noise x2,Noise level,0.44488112478136754,0.21122851725223338,0.653314527503526,0.1638949671772429,0.27552189788865766
SVM,Gaussian noise x2,Noise level,0.5899009906675549,0.32875714140412327,0.46346967559943575,0.21903719912472647,0.4003087995422353
MLP,Gaussian noise x2,Noise level,0.616781101254497,0.33451341906734183,0.4,0.26805251641137856,0.3768494719939106
Logistic Regression,Gaussian noise x3,Noise level,0.5735200512481662,0.19765060617558627,0.37940761636107195,0.4214442013129103,0.3273565502353133
Ridge Classifier,Gaussian noise x3,Noise level,0.5537996944824867,0.2036001400331874,0.44231311706629056,0.35382932166301967,0.2657640860859205
SGD Classifier,Gaussian noise x3,Noise level,0.5749253979237275,0.2002024783228223,0.3777150916784203,0.4205689277899343,0.3264259534276238
Decision Tree,Gaussian noise x3,Noise level,0.4352500824615125,0.24341519154361113,0.6778561354019746,0.1223194748358862,0.5619290430674015
Random Forest,Gaussian noise x3,Noise level,0.4942995390513977,0.24318742619188582,0.5926657263751763,0.1864332603938731,0.5021668920440087
Extra Trees,Gaussian noise x3,Noise level,0.5265527172955137,0.29068226035965405,0.5636107193229901,0.17133479212253827,0.47133013379834665
AdaBoost,Gaussian noise x3,Noise level,0.3315857740078837,0.17783592964984557,0.7768688293370946,0.09474835886214442,0.6592528447377118
Gradient Boosting,Gaussian noise x3,Noise level,0.5247162383737782,0.22788556973255486,0.5283497884344147,0.2527352297592998,0.4703437475118958
XGBoost,Gaussian noise x3,Noise level,0.5216711715467659,0.24355812094004303,0.5444287729196051,0.22538293216630198,0.4762116795470944
LightGBM,Gaussian noise x3,Noise level,0.4600164303756641,0.21700138032302047,0.6338504936530325,0.17461706783369804,0.536459961449565
CatBoost,Gaussian noise x3,Noise level,0.5094188863979832,0.22049549032057003,0.5531734837799718,0.23785557986870898,0.48846396469587716
KNN,Gaussian noise x3,Noise level,0.47316001889180603,0.24305861686506489,0.6256699576868829,0.1610503282275711,0.5218929846417629
GaussianNB,Gaussian noise x3,Noise level,0.42442948501184263,0.16473378372350903,0.664033850493653,0.1912472647702407,0.2959735376581826
SVM,Gaussian noise x3,Noise level,0.4818854804630727,0.19555651869942556,0.5884344146685473,0.22954048140043765,0.5083243097467174
MLP,Gaussian noise x3,Noise level,0.5683081273488473,0.24720164075883785,0.4445698166431594,0.30984682713347916,0.42532244589956036
Logistic Regression,Temp +2C & Humidity -5%,Combined shift,0.236318407960199,0.28310667281990587,0.8660084626234132,0.0,0.6645581935232805
Ridge Classifier,Temp +2C & Humidity -5%,Combined shift,0.7759699624530664,0.5781564297708807,0.12552891396332863,0.29431072210065645,0.0435938181153408
SGD Classifier,Temp +2C & Humidity -5%,Combined shift,0.236318407960199,0.28310667281990587,0.8660084626234132,0.0,0.6650329433911524
Decision Tree,Temp +2C & Humidity -5%,Combined shift,0.5083333333333333,0.46158526253583176,0.6558533145275035,0.007658643326039387,0.48884579219558066
Random Forest,Temp +2C & Humidity -5%,Combined shift,0.5480572597137015,0.5027365240336563,0.6220028208744711,0.0010940919037199124,0.4484091713817049
Extra Trees,Temp +2C & Humidity -5%,Combined shift,0.702276707530648,0.5950111038890984,0.43441466854724964,0.0350109409190372,0.29560614356321235
AdaBoost,Temp +2C & Humidity -5%,Combined shift,0.4973544973544973,0.46482307270693723,0.6685472496473907,0.0010940919037199124,0.4934841213910982
Gradient Boosting,Temp +2C & Humidity -5%,Combined shift,0.6206225680933852,0.561573397009496,0.5500705218617772,0.0,0.3744374177922888
XGBoost,Temp +2C & Humidity -5%,Combined shift,0.6770642201834862,0.5936860284329661,0.4795486600846262,0.01312910284463895,0.3208186309103741
LightGBM,Temp +2C & Humidity -5%,Combined shift,0.4540540540540541,0.4229234233022197,0.7038081805359662,0.006564551422319475,0.542422337771175
CatBoost,Temp +2C & Humidity -5%,Combined shift,0.5305699481865285,0.49134405495279226,0.6389280677009873,0.0,0.46731290290733185
KNN,Temp +2C & Humidity -5%,Combined shift,0.27760891590678827,0.051293747162874936,0.8067700987306065,0.15426695842450766,0.7174440876267807
GaussianNB,Temp +2C & Humidity -5%,Combined shift,0.236318407960199,0.28310667281990587,0.8660084626234132,0.0,0.4840846147098262
SVM,Temp +2C & Humidity -5%,Combined shift,0.355464759959142,0.18697379666474306,0.7545839210155149,0.1050328227571116,0.6347450302506481
MLP,Temp +2C & Humidity -5%,Combined shift,0.46352723915050786,0.25846856930665135,0.6459802538787024,0.13457330415754923,0.5301033340978998
Logistic Regression,Temp +1C & CO2 +20ppm,Combined shift,0.8825,0.7908116273186764,0.004231311706629055,0.2024070021881838,0.018376601483479527
Ridge Classifier,Temp +1C & CO2 +20ppm,Combined shift,0.7473572938689218,0.5315466665247849,0.0028208744710860366,0.5207877461706784,0.07220648669948537
SGD Classifier,Temp +1C & CO2 +20ppm,Combined shift,0.8836045056320401,0.7928019580188013,0.004231311706629055,0.20021881838074398,0.01774684571931129
Decision Tree,Temp +1C & CO2 +20ppm,Combined shift,0.9604441360166551,0.9292623824227023,0.023977433004231313,0.0437636761487965,0.03673498951225884
Random Forest,Temp +1C & CO2 +20ppm,Combined shift,0.9465020576131687,0.9040581181403615,0.02679830747531735,0.06455142231947483,0.04996437348223759
Extra Trees,Temp +1C & CO2 +20ppm,Combined shift,0.8918727915194347,0.8083182712439368,0.11001410437235543,0.08205689277899343,0.10601005957442566
AdaBoost,Temp +1C & CO2 +20ppm,Combined shift,0.7648,0.6368348084606572,0.32581100141043723,0.06892778993435449,0.2260386187455955
Gradient Boosting,Temp +1C & CO2 +20ppm,Combined shift,0.9674289674289674,0.9418334156126501,0.015514809590973202,0.03938730853391685,0.02763101845670657
XGBoost,Temp +1C & CO2 +20ppm,Combined shift,0.9547038327526133,0.9190282475781262,0.03385049365303244,0.044857768052516414,0.043179018341247044
LightGBM,Temp +1C & CO2 +20ppm,Combined shift,0.9402173913043478,0.8927429838533513,0.023977433004231313,0.07768052516411379,0.056259000520881286
CatBoost,Temp +1C & CO2 +20ppm,Combined shift,0.9577269577269577,0.9243622679645634,0.02538787023977433,0.047045951859956234,0.04015589336690262
KNN,Temp +1C & CO2 +20ppm,Combined shift,0.848404255319149,0.7224045582230538,0.1001410437235543,0.17177242888402625,0.14664874821441998
GaussianNB,Temp +1C & CO2 +20ppm,Combined shift,0.7538574577516532,0.5781765050899583,0.2764456981664316,0.15207877461706784,-0.03345443508162804
SVM,Temp +1C & CO2 +20ppm,Combined shift,0.8876117496807152,0.7978346777336989,0.019746121297602257,0.1772428884026258,0.10259804052907495
MLP,Temp +1C & CO2 +20ppm,Combined shift,0.8910505836575876,0.8030336310155002,0.031029619181946404,0.15973741794310722,0.10257998959082004
Logistic Regression,Light -20Lux & Humidity +5%,Combined shift,0.7322630761263594,0.4987692524912038,0.0028208744710860366,0.563457330415755,0.16861352535712004
Ridge Classifier,Light -20Lux & Humidity +5%,Combined shift,0.7116255661801711,0.4515359235742128,0.0028208744710860366,0.62472647702407,0.10793821438823603
SGD Classifier,Light -20Lux & Humidity +5%,Combined shift,0.7326424870466322,0.4996095837356974,0.0028208744710860366,0.562363238512035,0.1687088643047192
Decision Tree,Light -20Lux & Humidity +5%,Combined shift,0.45202952029520294,0.23925688501008704,0.6544428772919605,0.1422319474835886,0.545149605233711
Random Forest,Light -20Lux & Humidity +5%,Combined shift,0.6160962072155411,0.5038834376655982,0.5303244005641748,0.04266958424507659,0.3803702238798652
Extra Trees,Light -20Lux & Humidity +5%,Combined shift,0.618348623853211,0.4998976565220331,0.5246826516220028,0.04814004376367615,0.37953422724064934
AdaBoost,Light -20Lux & Humidity +5%,Combined shift,0.4540540540540541,0.4229234233022197,0.7038081805359662,0.006564551422319475,0.5367845646915415
Gradient Boosting,Light -20Lux & Humidity +5%,Combined shift,0.494949494949495,0.40135545329582545,0.6544428772919605,0.03938730853391685,0.5001104909361791
XGBoost,Light -20Lux & Humidity +5%,Combined shift,0.5343811394891945,0.4335236787484652,0.616361071932299,0.04048140043763676,0.4635017116046658
LightGBM,Light -20Lux & Humidity +5%,Combined shift,0.45202952029520294,0.23925688501008704,0.6544428772919605,0.1422319474835886,0.5444468715300261
CatBoost,Light -20Lux & Humidity +5%,Combined shift,0.6172381835032438,0.5074271041942676,0.5303244005641748,0.04048140043763676,0.38064466759061655
KNN,Light -20Lux & Humidity +5%,Combined shift,0.8152408339324227,0.677178187854582,0.2002820874471086,0.12582056892778992,0.1798121696011462
GaussianNB,Light -20Lux & Humidity +5%,Combined shift,0.1900990099009901,-0.11343180224485165,0.8645980253878702,0.22428884026258206,0.530304012769035
SVM,Light -20Lux & Humidity +5%,Combined shift,0.8449197860962567,0.716357580955006,0.10860366713681241,0.16958424507658643,0.14529000411353343
MLP,Light -20Lux & Humidity +5%,Combined shift,0.853743876836949,0.7388011393091365,0.13963328631875882,0.12035010940919037,0.13988669641145868
Logistic Regression,All sensors biased,Combined shift,0.236318407960199,0.28310667281990587,0.8660084626234132,0.0,0.6645581935232805
Ridge Classifier,All sensors biased,Combined shift,0.7908163265306123,0.6091180516383469,0.12552891396332863,0.2614879649890591,0.028747454037794884
SGD Classifier,All sensors biased,Combined shift,0.236318407960199,0.28310667281990587,0.8660084626234132,0.0,0.6650329433911524
Decision Tree,All sensors biased,Combined shift,0.23192019950124687,0.2799276119028614,0.8688293370944993,0.0,0.7652589260276671
Random Forest,All sensors biased,Combined shift,0.23192019950124687,0.2799276119028614,0.8688293370944993,0.0,0.7645462315941595
Extra Trees,All sensors biased,Combined shift,0.4531104921077066,0.24695246261823658,0.6558533145275035,0.13566739606126915,0.5447723589861537
AdaBoost,All sensors biased,Combined shift,0.236318407960199,0.28310667281990587,0.8660084626234132,0.0,0.7545202107853966
Gradient Boosting,All sensors biased,Combined shift,0.236318407960199,0.28310667281990587,0.8660084626234132,0.0,0.758741577925475
XGBoost,All sensors biased,Combined shift,0.2668269230769231,0.26880435686480403,0.843441466854725,0.01312910284463895,0.7310559280169373
LightGBM,All sensors biased,Combined shift,0.10427807486631016,0.17815774012095031,0.9449929478138223,0.0,0.8921983169589189
CatBoost,All sensors biased,Combined shift,0.236318407960199,0.28310667281990587,0.8660084626234132,0.0,0.7615644431336613
KNN,All sensors biased,Combined shift,0.23275862068965517,0.04483429743036086,0.847672778561354,0.12144420131291028,0.7622943828439138
GaussianNB,All sensors biased,Combined shift,0.236318407960199,0.28310667281990587,0.8660084626234132,0.0,0.4840846147098262
SVM,All sensors biased,Combined shift,0.2185929648241206,0.2702178279492452,0.8772919605077574,0.0,0.7716168253856696
MLP,All sensors biased,Combined shift,0.236318407960199,0.28310667281990587,0.8660084626234132,0.0,0.7573121652882087
Logistic Regression,Drift Light -> -40Lux,Temporal drift,0.3835005574136009,0.34885666791667713,0.7574047954866009,0.0175054704595186,0.5173760440698786
Ridge Classifier,Drift Light -> -40Lux,Temporal drift,0.7485549132947977,0.562371142835899,0.2693935119887165,0.17177242888402625,0.07100886727360944
SGD Classifier,Drift Light -> -40Lux,Temporal drift,0.3716216216216216,0.344235254525082,0.767277856135402,0.015317286652078774,0.5297297297297298
Decision Tree,Drift Light -> -40Lux,Temporal drift,0.5338142470694319,0.3495451723332772,0.5825105782792666,0.1137855579868709,0.46336487845948204
Random Forest,Drift Light -> -40Lux,Temporal drift,0.6588658865886589,0.5478875167665009,0.4837799717912553,0.03938730853391685,0.3376005445067475
Extra Trees,Drift Light -> -40Lux,Temporal drift,0.6708185053380783,0.5572832467595185,0.4682651622002821,0.04157549234135667,0.327064345755782
AdaBoost,Drift Light -> -40Lux,Temporal drift,0.5508130081300813,0.49958200814424997,0.6177715091678421,0.00437636761487965,0.44002561061551426
Gradient Boosting,Drift Light -> -40Lux,Temporal drift,0.5626204238921002,0.45817731903548786,0.5881523272214386,0.04048140043763676,0.4324395619935738
XGBoost,Drift Light -> -40Lux,Temporal drift,0.5890151515151515,0.48301486711320635,0.5613540197461213,0.03938730853391685,0.40886769957870883
LightGBM,Drift Light -> -40Lux,Temporal drift,0.5228519195612431,0.34405709076956764,0.5966149506346967,0.10831509846827134,0.47362447226398596
CatBoost,Drift Light -> -40Lux,Temporal drift,0.6594788858939802,0.5473407175947674,0.4823695345557123,0.04048140043763676,0.33840396519988014
KNN,Drift Light -> -40Lux,Temporal drift,0.9085318985395849,0.8577818878706952,0.16643159379407615,0.0010940919037199124,0.08652110499398402
GaussianNB,Drift Light -> -40Lux,Temporal drift,0.7079856972586412,0.43231177830289824,0.1622002820874471,0.4102844638949672,0.012417325411383962
SVM,Drift Light -> -40Lux,Temporal drift,0.7587412587412588,0.6842423159111589,0.38787023977433005,0.0010940919037199124,0.2314685314685314
MLP,Drift Light -> -40Lux,Temporal drift,0.5495403472931563,0.5038686086811153,0.6205923836389281,0.0010940919037199124,0.4440902259552514
Logistic Regression,Drift Temp -> +3C,Temporal drift,0.8316478286734087,0.6954423517790155,0.014104372355430184,0.2986870897155361,0.06922877281007078
Ridge Classifier,Drift Temp -> +3C,Temporal drift,0.7146583202921231,0.44788669761144884,0.03385049365303244,0.5722100656455142,0.10490546027628411
SGD Classifier,Drift Temp -> +3C,Temporal drift,0.8421686746987952,0.7151423384969576,0.014104372355430184,0.27571115973741794,0.059182676652556165
Decision Tree,Drift Temp -> +3C,Temporal drift,0.9318341531974701,0.8786435229335078,0.06488011283497884,0.05579868708971553,0.06534497233144387
Random Forest,Drift Temp -> +3C,Temporal drift,0.9282700421940928,0.8723607072901602,0.0691114245416079,0.05798687089715536,0.06819638890131352
Extra Trees,Drift Temp -> +3C,Temporal drift,0.8723864455659697,0.7778491118170527,0.1466854724964739,0.07986870897155361,0.12549640552789065
AdaBoost,Drift Temp -> +3C,Temporal drift,0.6269907795473596,0.4414380413474928,0.47249647390691113,0.12035010940919037,0.36384783919823593
Gradient Boosting,Drift Temp -> +3C,Temporal drift,0.9737206085753803,0.9532047442323788,0.007052186177715092,0.036105032822757115,0.021339377310293672
XGBoost,Drift Temp -> +3C,Temporal drift,0.9819193324061196,0.9678454790309091,0.004231311706629055,0.02516411378555799,0.015963518687740708
LightGBM,Drift Temp -> +3C,Temporal drift,0.9475100942126514,0.906585834588149,0.007052186177715092,0.07986870897155361,0.04896629761257765
CatBoost,Drift Temp -> +3C,Temporal drift,0.9655647382920111,0.9385637115004806,0.011283497884344146,0.045951859956236324,0.032318112801849264
KNN,Drift Temp -> +3C,Temporal drift,0.7225274725274725,0.49766484150317164,0.25811001410437234,0.24179431072210067,0.27252553100609644
GaussianNB,Drift Temp -> +3C,Temporal drift,0.5961389961389961,0.33624534962544633,0.45557122708039494,0.2188183807439825,0.12426402653102908
SVM,Drift Temp -> +3C,Temporal drift,0.775235531628533,0.5882858752833666,0.18758815232722145,0.21991247264770242,0.21497425858125718
MLP,Drift Temp -> +3C,Temporal drift,0.7924773022049286,0.6141475959766753,0.1382228490832158,0.24288840262582057,0.20115327104347902
Logistic Regression,Drift all sensors,Temporal drift,0.32084309133489464,0.3207876319725126,0.8067700987306065,0.0087527352297593,0.5800335101485848
Ridge Classifier,Drift all sensors,Temporal drift,0.7027027027027027,0.5147021938961941,0.35825105782792666,0.14332603938730853,0.11686107786570443
SGD Classifier,Drift all sensors,Temporal drift,0.32084309133489464,0.3207876319725126,0.8067700987306065,0.0087527352297593,0.5805082600164567
Decision Tree,Drift all sensors,Temporal drift,0.33137485311398357,0.34717746277897116,0.8011283497884344,0.0010940919037199124,0.6658042724149305
Random Forest,Drift all sensors,Temporal drift,0.3058542413381123,0.3322265748409274,0.8194640338504936,0.0,0.6906121897572941
Extra Trees,Drift all sensors,Temporal drift,0.4823529411764706,0.3476358758033057,0.6530324400564175,0.0711159737417943,0.5155299099173898
AdaBoost,Drift all sensors,Temporal drift,0.2973621103117506,0.32332209745904267,0.8251057827926658,0.0010940919037199124,0.693476508433845
Gradient Boosting,Drift all sensors,Temporal drift,0.3017964071856287,0.3294005747921481,0.8222849083215797,0.0,0.6932635787000453
XGBoost,Drift all sensors,Temporal drift,0.29256594724220625,0.3140036966461643,0.8279266572637518,0.0032822757111597373,0.705316903851654
LightGBM,Drift all sensors,Temporal drift,0.20506329113924052,0.2602257703494229,0.8857545839210155,0.0,0.7914131006859886
CatBoost,Drift all sensors,Temporal drift,0.3395784543325527,0.3556286690087254,0.7954866008462623,0.0,0.6583043967613076
KNN,Drift all sensors,Temporal drift,0.5474654377880185,0.3908562729545518,0.5811001410437235,0.08643326039387308,0.4475875657455505
GaussianNB,Drift all sensors,Temporal drift,0.27305389221556886,0.27369388177478265,0.8392101551480959,0.01312910284463895,0.44734913045445635
SVM,Drift all sensors,Temporal drift,0.4155844155844156,0.35939700684052,0.7291960507757405,0.02516411378555799,0.5746253746253746
MLP,Drift all sensors,Temporal drift,0.4314159292035398,0.41956879666347446,0.7249647390691114,0.0,0.5622146440448679
